{
  "gizmos-infos": {
    "is2D": true,
    "is3DIcon": false,
    "iconSize": 2,
    "gridVisible": true,
    "gridColor": [
      166,
      166,
      166,
      255
    ],
    "transformToolName": "position",
    "pivot": "pivot",
    "coordinate": "local",
    "toolsVisibility3d": true
  },
  "__version__": "1.0.0",
  "builder": {},
  "snap-configs": {
    "position": {
      "x": 1,
      "y": 1,
      "z": 1
    },
    "rotation": 1,
    "scale": 1,
    "isPositionSnapEnabled": false,
    "isRotationSnapEnabled": false,
    "isScaleSnapEnabled": false
  },
  "rect-snap-configs": {
    "enableSnapping": true,
    "snapThreshold": 4
  },
  "camera-infos": {
    "744605a0-04ac-49b5-b767-10224645e472": {
      "position": {
        "x": 640,
        "y": 360,
        "z": 5000
      },
      "rotation": {
        "x": 0,
        "y": 0,
        "z": 0,
        "w": 1
      },
      "viewCenter": {
        "x": 0,
        "y": 0,
        "z": 0
      },
      "contentRect": {
        "x": 0,
        "y": 5.966073116586263e-14,
        "width": 609.7777777777778,
        "height": 343
      },
      "scale": 0.4763888888888889
    },
    "dc0b8957-5d8c-4344-9b3b-98d530d0f4b9": {
      "position": {
        "x": 485.83587057803356,
        "y": 833.585836329642,
        "z": 5000
      },
      "rotation": {
        "x": 0,
        "y": 0,
        "z": 0,
        "w": 1
      },
      "viewCenter": {
        "x": 0,
        "y": 0,
        "z": 0
      },
      "contentRect": {
        "x": 485.83587057803345,
        "y": 833.5858363296422,
        "width": 0,
        "height": 0
      },
      "scale": 0.3104644530183703
    },
    "8a6b7b98-a19c-4122-a0f3-11cf6fbbcf34": {
      "position": {
        "x": 360,
        "y": 1239.6657381615596,
        "z": 5000
      },
      "rotation": {
        "x": 0,
        "y": 0,
        "z": 0,
        "w": 1
      },
      "viewCenter": {
        "x": 0,
        "y": 0,
        "z": 0
      },
      "contentRect": {
        "x": 5.031627929651066e-14,
        "y": 1024.3473216383238,
        "width": 813.4000000000001,
        "height": 90.37777777777778
      },
      "scale": 1.1297222222222223
    },
    "8cc605a3-4949-4ad2-aa58-383805933f0f": {
      "position": {
        "x": 360,
        "y": 640,
        "z": 5000
      },
      "rotation": {
        "x": 0,
        "y": 0,
        "z": 0,
        "w": 1
      },
      "viewCenter": {
        "x": 0,
        "y": 0,
        "z": 0
      },
      "contentRect": {
        "x": 0,
        "y": 0,
        "width": 273.65625,
        "height": 486.5
      },
      "scale": 0.380078125
    },
    "82edd278-eaa5-4574-ba60-971a192999e6": {
      "position": {
        "x": 457.62866785360256,
        "y": 647.4698371577218,
        "z": 5000
      },
      "rotation": {
        "x": 0,
        "y": 0,
        "z": 0,
        "w": 1
      },
      "viewCenter": {
        "x": 0,
        "y": 0,
        "z": 0
      },
      "contentRect": {
        "x": -482.00414266899975,
        "y": 85.46914583826519,
        "width": 273.65625,
        "height": 486.5
      },
      "scale": 0.43282864906963253
    },
    "fd136d50-5ab0-4185-9967-66f74cd331d7": {
      "position": {
        "x": 415.65041222596625,
        "y": 1633.2247213258072,
        "z": 5000
      },
      "rotation": {
        "x": 0,
        "y": 0,
        "z": 0,
        "w": 1
      },
      "viewCenter": {
        "x": 0,
        "y": 0,
        "z": 0
      },
      "contentRect": {
        "x": 104.35471679979892,
        "y": 1605.5637497999276,
        "width": 813.4000000000001,
        "height": 72.27672778561355
      },
      "scale": 1.3064748596771412
    },
    "c3d90d1d-732d-4985-9ca7-6233102562ee": {
      "position": {
        "x": 360,
        "y": 640,
        "z": 5000
      },
      "rotation": {
        "x": 0,
        "y": 0,
        "z": 0,
        "w": 1
      },
      "viewCenter": {
        "x": 0,
        "y": 0,
        "z": 0
      },
      "contentRect": {
        "x": -802.1294964028776,
        "y": 0,
        "width": 273.65625,
        "height": 486.5
      },
      "scale": 0.380078125
    },
    "5083edbe-f9c2-4dbf-b48d-8456923bdef7": {
      "position": {
        "x": 60,
        "y": 640,
        "z": 5000
      },
      "rotation": {
        "x": 0,
        "y": 0,
        "z": 0,
        "w": 1
      },
      "viewCenter": {
        "x": 0,
        "y": 0,
        "z": 0
      },
      "contentRect": {
        "x": 43.87221534653466,
        "y": 611.3283828382838,
        "width": 848.4000000000002,
        "height": 339.36000000000007
      },
      "scale": 8.484000000000002
    },
    "164d6912-0ee1-4a25-88de-c9d3bba209a3": {
      "position": {
        "x": 484.1585231799402,
        "y": 647.0739021296747,
        "z": 5000
      },
      "rotation": {
        "x": 0,
        "y": 0,
        "z": 0,
        "w": 1
      },
      "viewCenter": {
        "x": 0,
        "y": 0,
        "z": 0
      },
      "contentRect": {
        "x": 206.56057460651013,
        "y": 153.56643799913238,
        "width": 273.65625,
        "height": 486.5
      },
      "scale": 0.49290034635758956
    },
    "cf9bff87-d291-49f5-a30b-31f2e21b98b1": {
      "position": {
        "x": 360.0000000000001,
        "y": 650,
        "z": 5000
      },
      "rotation": {
        "x": 0,
        "y": 0,
        "z": 0,
        "w": 1
      },
      "viewCenter": {
        "x": 0,
        "y": 0,
        "z": 0
      },
      "contentRect": {
        "x": 32.41953913540271,
        "y": 113.13202247191009,
        "width": 326.22545454545457,
        "height": 498.4
      },
      "scale": 0.4530909090909091
    },
    "f12ea3c9-9b1a-4cd6-927e-13d1fa48afa5": {
      "position": {
        "x": 161.61664603960395,
        "y": 613.9851485148516,
        "z": 5000
      },
      "rotation": {
        "x": 0,
        "y": 0,
        "z": 0,
        "w": 1
      },
      "viewCenter": {
        "x": 0,
        "y": 0,
        "z": 0
      },
      "contentRect": {
        "x": 109.5539397689769,
        "y": 609.2315970727509,
        "width": 848.4000000000002,
        "height": 339.36000000000007
      },
      "scale": 8.484000000000002
    },
    "0102b48d-d713-4246-adeb-9ff7a94b4de9": {
      "position": {
        "x": 545.4063799398032,
        "y": 433.21302639314797,
        "z": 5000
      },
      "rotation": {
        "x": 0,
        "y": 0,
        "z": 0,
        "w": 1
      },
      "viewCenter": {
        "x": 0,
        "y": 0,
        "z": 0
      },
      "contentRect": {
        "x": 98.3209434738676,
        "y": 392.36258042164116,
        "width": 848.4,
        "height": 77.51878172588833
      },
      "scale": 0.9488119392865098
    },
    "e712a9e9-0d9e-43d0-becb-c586f0ad5eda": {
      "position": {
        "x": 443.33088660659587,
        "y": 968.9579185412637,
        "z": 5000
      },
      "rotation": {
        "x": 0,
        "y": 0,
        "z": 0,
        "w": 1
      },
      "viewCenter": {
        "x": 0,
        "y": 0,
        "z": 0
      },
      "contentRect": {
        "x": 146.18128800364448,
        "y": 481.9627430530933,
        "width": 618.7785792349727,
        "height": 498.4
      },
      "scale": 0.4994916012384784
    },
    "e633977b-10b9-4822-b955-363bf3f68216": {
      "position": {
        "x": 652.3182884261447,
        "y": 1134.3847493304338,
        "z": 5000
      },
      "rotation": {
        "x": 0,
        "y": 0,
        "z": 0,
        "w": 1
      },
      "viewCenter": {
        "x": 0,
        "y": 0,
        "z": 0
      },
      "contentRect": {
        "x": 72.09976190108154,
        "y": 553.829864239269,
        "width": 498.1112398609501,
        "height": 498.4
      },
      "scale": 0.42924451485903525
    },
    "104227a8-b031-4ce5-97d1-5132e67ab74c": {
      "position": {
        "x": 271.20867040154144,
        "y": 1197.8515478366528,
        "z": 5000
      },